Feature Id,Importances
sales_channel,9.463528498624592
payment_mode,8.380808954255308
promised_delivery_days,6.534538210854452
product_age_days,5.747065005215237
city,5.4153719602255315
delivery_pincode,5.4004607481411595
family,5.24013851480646
order_hour,4.910721249878202
discount_pct,4.255385007442611
order_day,4.046812613252128
state,3.631903227332708
shield_member,3.551172724147557
price_to_list_ratio,3.5064734711344596
order_month,3.2813669835862727
log_order_value,3.245898187141383
order_value_inr,2.6868358778231585
prior_return_rate_bucket,2.354852946376293
list_price_inr,1.9659946839533986
discount_bucket,1.9591697867284457
order_value_bucket,1.8195300957921614
order_day_of_week,1.6272949578738416
warranty_months,1.4542038174820533
customer_prior_orders,1.403324476360869
is_gift,1.33204756480199
customer_prior_returns,1.2299348387707498
prior_return_rate,1.191834032106845
has_call_before,1.1858474115098154
order_quarter,0.7867284415261517
log_customer_prior_orders,0.6643540477189789
source,0.6256515213125158
has_prior_returns,0.37539721758132116
has_gate,0.3180202242637244
has_prior_orders,0.15298326742120835
has_landmark,0.13998775415437312
has_default_pincode,0.06882308926726048
qty,0.045538591136845046
