order_id,score
KO2610504,0.2738371455771151
KO2610505,0.4019955841856905
KO2610506,0.3899287012260766
KO2610507,0.08750354320087207
KO2610508,0.04064787087783844
KO2610509,0.10122535450843502
KO2610510,0.3798365720863892
KO2610511,0.617283863069793
KO2610512,0.20814315213467197
KO2610513,0.7864890073268599
KO2610514,0.6191327320174358
KO2610515,0.12010912181748533
KO2610516,0.06320234460710883
KO2610517,0.6444610891809126
KO2610518,0.29683156706018177
KO2610519,0.2742035994841338
KO2610520,0.292363924900384
KO2610521,0.5191614463295288
KO2610522,0.16052789092849248
KO2610523,0.1580334117458024
KO2610524,0.49793413000613085
KO2610525,0.4068407725137886
KO2610526,0.46110419486804005
KO2610527,0.053389624324388214
KO2610528,0.16004961227571513
KO2610529,0.21663603310516114
KO2610530,0.34999086758512526
KO2610531,0.08512123374825052
KO2610532,0.05914174496557101
KO2610533,0.14831569271963158
KO2610534,0.08315616820681858
KO2610535,0.029786374431984047
KO2610536,0.444442595588502
KO2610537,0.28378320003307117
KO2610538,0.3607193955792169
KO2610539,0.7733656432072135
KO2610540,0.7927451313333939
KO2610541,0.6519264553520817
KO2610542,0.2725727465296864
KO2610543,0.4266503508640107
KO2610544,0.46555423391450224
KO2610545,0.13526906359914953
KO2610546,0.17216820312046174
KO2610547,0.14425953080848927
KO2610548,0.265829489310003
KO2610549,0.27962899572504474
KO2610550,0.3595894620412771
KO2610551,0.3522713655270639
KO2610552,0.4355254714784516
KO2610553,0.08187514941605142
KO2610554,0.5144743541977235
KO2610555,0.7707751767975682
KO2610556,0.7006333480850898
KO2610557,0.4516693192258577
KO2610558,0.41921513425985896
KO2610559,0.1404943093296444
KO2610560,0.030456428154330428
KO2610561,0.42452894474195435
KO2610562,0.16358227997307906
KO2610563,0.05837743210152069
KO2610564,0.23319023033697048
KO2610565,0.5962357502389766
KO2610566,0.08912885103522233
KO2610567,0.25767119169094066
KO2610568,0.09574005857869333
KO2610569,0.4804595584892355
KO2610570,0.04635357215626914
KO2610571,0.36821003187616363
KO2610572,0.19447983808273728
KO2610573,0.6812037581005391
KO2610574,0.4719706253406305
KO2610575,0.7382848662173802
KO2610576,0.09830613178411668
KO2610577,0.5717923838382896
KO2610578,0.1117748000102105
KO2610579,0.22865254583816566
KO2610580,0.9222143426402977
KO2610581,0.5179209075731815
KO2610582,0.4875397829103118
KO2610583,0.22219777144709826
KO2610584,0.3742801876633867
KO2610585,0.39843279475395615
KO2610586,0.21886855518731227
KO2610587,0.3857919713716789
KO2610588,0.49277385756612413
KO2610589,0.041790634859021694
KO2610590,0.16684299470440545
KO2610591,0.17420219169219509
KO2610592,0.32337813552758793
KO2610593,0.7839176738068249
KO2610594,0.4853833288597852
KO2610595,0.3104219085570266
KO2610596,0.76129891613274
KO2610597,0.11956860276776798
KO2610598,0.7534389608918404
KO2610599,0.24695057001831142
KO2610600,0.33496787475088957
KO2610601,0.23544459824559572
KO2610602,0.2931251798047158
KO2610603,0.42285952884647326
KO2610604,0.27050867956509045
KO2610605,0.04699614284607513
KO2610606,0.2240259920162216
KO2610607,0.3466045937446397
KO2610608,0.09883514813663882
KO2610609,0.10841614513114543
KO2610610,0.3487796291678498
KO2610611,0.4289404344609683
KO2610612,0.4673524494702361
KO2610613,0.12630499357458536
KO2610614,0.32743434064103155
KO2610615,0.17539794635350625
KO2610616,0.4962408042043878
KO2610617,0.43333185999976054
KO2610618,0.33637645747097383
KO2610619,0.10309654401334307
KO2610620,0.501325523203027
KO2610621,0.7845229531333004
KO2610622,0.4809433713183566
KO2610623,0.22896994280785432
KO2610624,0.35751591108224584
KO2610625,0.5899111882582275
KO2610626,0.33891913130264584
KO2610627,0.4338248566470582
KO2610628,0.7815663739316586
KO2610629,0.134202699548156
KO2610630,0.4059893167391162
KO2610631,0.24235990978521624
KO2610632,0.6636297534882807
KO2610633,0.5156558832818682
KO2610634,0.5951769853192074
KO2610635,0.37730474190137964
KO2610636,0.0654804657444617
KO2610637,0.2555857082956749
KO2610638,0.22363729766537382
KO2610639,0.044119179251847496
KO2610640,0.28800343296979464
KO2610641,0.14275915544224882
KO2610642,0.4705542105304305
KO2610643,0.15047774398076713
KO2610644,0.30104404253794537
KO2610645,0.05120400839006145
KO2610646,0.25778895480442887
KO2610647,0.47740989717310145
KO2610648,0.25889957140150166
KO2610649,0.7867343255176723
KO2610650,0.7746722827294104
KO2610651,0.05069730813105878
KO2610652,0.4221734882342899
KO2610653,0.08297513674684559
KO2610654,0.31547783416148534
KO2610655,0.020035239354427206
KO2610656,0.5975198438072481
KO2610657,0.13967190467067508
KO2610658,0.29869323927300795
KO2610659,0.45147420544745237
KO2610660,0.1068559124235042
KO2610661,0.27862919599225516
KO2610662,0.0792871166791628
KO2610663,0.1194635102370903
KO2610664,0.775584058495088
KO2610665,0.2741506152786359
KO2610666,0.6996115633186887
KO2610667,0.5222143106354832
KO2610668,0.11298047983810003
KO2610669,0.3059361347541364
KO2610670,0.3050302808238523
KO2610671,0.2332445035812706
KO2610672,0.08104500905383542
KO2610673,0.48582892519259935
KO2610674,0.3800031536215838
KO2610675,0.07646469297147532
KO2610676,0.5261211638471247
KO2610677,0.16007909369016093
KO2610678,0.035943105329391094
KO2610679,0.6019113638829321
KO2610680,0.15018958842202548
KO2610681,0.19987968466868905
KO2610682,0.5994016623251586
KO2610683,0.4067141357084388
KO2610684,0.15032844725752015
KO2610685,0.30839442677886314
KO2610686,0.35445343665543655
KO2610687,0.1492550942912782
KO2610688,0.376498655023358
KO2610689,0.46724901592749823
KO2610690,0.1572030207573666
KO2610691,0.2020771729216383
KO2610692,0.3665432857699709
KO2610693,0.055258342499647575
KO2610694,0.43702656765942033
KO2610695,0.8561074510593435
KO2610696,0.5919232347692375
KO2610697,0.7282476219733734
KO2610698,0.4791380973533834
KO2610699,0.07400744173143942
KO2610700,0.3980546735060708
KO2610701,0.0942836274179531
KO2610702,0.09495789546405745
KO2610703,0.46970806855503494
KO2610704,0.1281015281140422
KO2610705,0.8589801026522864
KO2610706,0.3370877705501181
KO2610707,0.23111562191303936
KO2610708,0.14140571124695692
KO2610709,0.20540902806601327
KO2610710,0.6681426630773976
KO2610711,0.4114513624717091
KO2610712,0.6980531170794837
KO2610713,0.2991184532253284
KO2610714,0.38998233689292855
KO2610715,0.0599656968131661
KO2610716,0.41387770648375855
KO2610717,0.038019174945382546
KO2610718,0.14967004507423295
KO2610719,0.06387821470885834
KO2610720,0.34114649568920935
KO2610721,0.4317063159640111
KO2610722,0.09523588457342758
KO2610723,0.6972764617430851
KO2610724,0.2115841309065359
KO2610725,0.12389347113247232
KO2610726,0.24290692814940928
KO2610727,0.3778280995048991
KO2610728,0.4806504422768425
KO2610729,0.28475410486383235
KO2610730,0.22458162679242002
KO2610731,0.31016773593624053
KO2610732,0.05540981448052887
KO2610733,0.3375844211837743
KO2610734,0.4443745195395549
KO2610735,0.25976391833527135
KO2610736,0.1350071209447513
KO2610737,0.22090318901550998
KO2610738,0.09560834355662097
KO2610739,0.18575712989292642
KO2610740,0.14079677040210437
KO2610741,0.17841407681948562
KO2610742,0.2548741831323107
KO2610743,0.3429808103483475
KO2610744,0.19350186877199418
KO2610745,0.5479525165994974
KO2610746,0.44395028771479994
KO2610747,0.15062466958584353
KO2610748,0.3458322313238142
KO2610749,0.14969765525518072
KO2610750,0.14400814416691524
KO2610751,0.10148854183610545
KO2610752,0.1008505010670672
KO2610753,0.4774963450826249
KO2610754,0.4975179061643385
KO2610755,0.713675515891922
KO2610756,0.0794320157475848
KO2610757,0.4884137463735878
KO2610758,0.32927632398394974
KO2610759,0.3326533246510763
KO2610760,0.21940335110351777
KO2610761,0.3900255689962424
KO2610762,0.11624040175175562
KO2610763,0.3294712329453021
KO2610764,0.07258011379833154
KO2610765,0.6076924572769912
KO2610766,0.16784113889577124
KO2610767,0.2403517476715254
KO2610768,0.054402642748404666
KO2610769,0.10603441469890149
KO2610770,0.28628097922923956
KO2610771,0.27830872712001986
KO2610772,0.9222569902586597
KO2610773,0.14369462062239463
KO2610774,0.33955792526889295
KO2610775,0.7158199236955353
KO2610776,0.08479033508953171
KO2610777,0.6102402065575728
KO2610778,0.4464514002921403
KO2610779,0.20877644718443267
KO2610780,0.10226688742602538
KO2610781,0.15033612986806216
KO2610782,0.5616895113593333
KO2610783,0.32389160598657263
KO2610784,0.06702672194941113
KO2610785,0.24922683672018264
KO2610786,0.027432055833960023
KO2610787,0.14443249482577827
KO2610788,0.04845349660942579
KO2610789,0.7011605506310019
KO2610790,0.6328610409068021
KO2610791,0.5203441740413233
KO2610792,0.20085748931024966
KO2610793,0.41663227923025403
KO2610794,0.2124987409250382
KO2610795,0.5596033308347772
KO2610796,0.3038220857715536
KO2610797,0.17242791648177982
KO2610798,0.11162767395120143
KO2610799,0.2574479712825444
KO2610800,0.6075604782371145
KO2610801,0.46269410655394805
KO2610802,0.3150359190516836
KO2610803,0.34772986039981235
KO2610804,0.23217571972744488
KO2610805,0.1032109442119271
KO2610806,0.3457778697351003
KO2610807,0.07691672013931304
KO2610808,0.15174602010758045
KO2610809,0.17063410231028456
KO2610810,0.38001108573317355
KO2610811,0.23402519098598537
KO2610812,0.5690393512135603
KO2610813,0.09624022561336072
KO2610814,0.9203183452538832
KO2610815,0.2272593477569703
KO2610816,0.07699796241267703
KO2610817,0.6183073205143398
KO2610818,0.4040953886322982
KO2610819,0.2153701040059757
KO2610820,0.34590764355992554
KO2610821,0.08114137020333057
KO2610822,0.1633898652357745
KO2610823,0.2621614816892001
KO2610824,0.04671656451718494
KO2610825,0.01956230916008011
KO2610826,0.27808146883185547
KO2610827,0.158734876816527
KO2610828,0.3678983675814958
KO2610829,0.6207220403445726
KO2610830,0.16877088160591572
KO2610831,0.3546268984461121
KO2610832,0.10227737547517866
KO2610833,0.1804669964136758
KO2610834,0.2896952402102272
KO2610835,0.31693828847911815
KO2610836,0.05240713823229239
KO2610837,0.17823746815139074
KO2610838,0.5472986912315412
KO2610839,0.033516231801141994
KO2610840,0.4146577287502192
KO2610841,0.41809700883057793
KO2610842,0.4457859219899089
KO2610843,0.3352870895539654
KO2610844,0.08933026836727746
KO2610845,0.5980998534344784
KO2610846,0.5198862607512069
KO2610847,0.27137592274838546
KO2610848,0.149202109235075
KO2610849,0.16062874013418627
KO2610850,0.037771803710848664
KO2610851,0.08138036233900116
KO2610852,0.10055808926065629
KO2610853,0.43926760096017564
KO2610854,0.7460770808527868
KO2610855,0.20021245213766883
KO2610856,0.1799046801049896
KO2610857,0.32218776420924905
KO2610858,0.8697523093805768
KO2610859,0.1386171741827406
KO2610860,0.8907739555202825
KO2610861,0.5351412528572067
KO2610862,0.12897240103798158
KO2610863,0.22879801959081317
KO2610864,0.4041489478711374
KO2610865,0.0443279079747066
KO2610866,0.35948950590962503
KO2610867,0.1482540473082259
KO2610868,0.4036987568354019
KO2610869,0.1781020371978236
KO2610870,0.05361048853886917
KO2610871,0.06794537845727985
KO2610872,0.18133966168128576
KO2610873,0.6273682303423583
KO2610874,0.5496652831296839
KO2610875,0.04935769110543633
KO2610876,0.14513130324841886
KO2610877,0.8065494367072827
KO2610878,0.0813296655784542
KO2610879,0.22045081993410207
KO2610880,0.09109220264525397
KO2610881,0.08549493964296567
KO2610882,0.40062375470651423
KO2610883,0.03601497077719922
KO2610884,0.061826199548953395
KO2610885,0.45211914731063685
KO2610886,0.3586666476718414
KO2610887,0.16543567789938896
KO2610888,0.3773691105935012
KO2610889,0.17126702768453106
KO2610890,0.32103488851749656
KO2610891,0.16858841247705716
KO2610892,0.619838795182678
KO2610893,0.29987149505777694
KO2610894,0.24884738932758882
KO2610895,0.6078757619536569
KO2610896,0.6311983415105785
KO2610897,0.17766281910213516
KO2610898,0.25857499907986264
KO2610899,0.7133211661893843
KO2610900,0.2720876725996551
KO2610901,0.14261841697544902
KO2610902,0.32259475888360895
KO2610903,0.14901040503920976
KO2610904,0.4504221593365197
KO2610905,0.43398298240468125
KO2610906,0.02975691051379785
KO2610907,0.454234466184855
KO2610908,0.11289588409120387
KO2610909,0.5441806732968393
KO2610910,0.5098493497526277
KO2610911,0.6757761252760333
KO2610912,0.5701671523151223
KO2610913,0.05968298696836599
KO2610914,0.13104710300950942
KO2610915,0.09344917352707921
KO2610916,0.04439341387364897
KO2610917,0.17187850816419648
KO2610918,0.1407201031700498
KO2610919,0.3890437964947491
KO2610920,0.05845892605735449
KO2610921,0.36464446937512135
KO2610922,0.06556972868145611
KO2610923,0.34539714115160364
KO2610924,0.09302269780906812
KO2610925,0.03657519978136991
KO2610926,0.5933849360036961
KO2610927,0.4135966319929987
KO2610928,0.1897855223548057
KO2610929,0.008256920586789299
KO2610930,0.018484078248831227
KO2610931,0.5253453818027877
KO2610932,0.0769194164698768
KO2610933,0.16285111626773255
KO2610934,0.0757766503654567
KO2610935,0.0630672269841233
KO2610936,0.05333532138231362
KO2610937,0.5517467155223704
KO2610938,0.03556554445388462
KO2610939,0.3082996232810913
KO2610940,0.21646675639343138
KO2610941,0.3209442557047425
KO2610942,0.2100721834107128
KO2610943,0.7579616036253917
KO2610944,0.6554613198321833
KO2610945,0.12242384820381547
KO2610946,0.10621984442140403
KO2610947,0.04645208837264605
KO2610948,0.2772189678752266
KO2610949,0.3369078991022193
KO2610950,0.07283541629442045
KO2610951,0.05517302808291055
KO2610952,0.6035510081903098
KO2610953,0.09755145707206957
KO2610954,0.22230806892568142
KO2610955,0.032293869256531424
KO2610956,0.7261307196032385
KO2610957,0.03194390036967562
KO2610958,0.27406875298505373
KO2610959,0.4188174997555362
KO2610960,0.2545228119204367
KO2610961,0.07283329449731138
KO2610962,0.3171751170962072
KO2610963,0.16747032386420682
KO2610964,0.37859549386899083
KO2610965,0.23173174265048935
KO2610966,0.49764987308820663
KO2610967,0.1414886690288796
KO2610968,0.1886334276295184
KO2610969,0.4830454444097795
KO2610970,0.8262435509496069
KO2610971,0.12163671055910917
KO2610972,0.03627296921403734
KO2610973,0.2126991114559585
KO2610974,0.1517247962999671
KO2610975,0.49632519813640336
KO2610976,0.056172283453739126
KO2610977,0.2542674506034705
KO2610978,0.752745341923769
KO2610979,0.15703745366713584
KO2610980,0.033786401964321554
KO2610981,0.5141416053462698
KO2610982,0.09057136300098902
KO2610983,0.4759785586668568
KO2610984,0.07493727868630708
KO2610985,0.101442814702548
KO2610986,0.07714507582465745
KO2610987,0.39926172746916594
KO2610988,0.06815457203750999
KO2610989,0.29325606160307316
KO2610990,0.24490184436234577
KO2610991,0.16080060726726783
KO2610992,0.13859645470130816
KO2610993,0.12952782297325682
KO2610994,0.6824055551807158
KO2610995,0.1647603902907038
KO2610996,0.18681153305441844
KO2610997,0.3233366908238573
KO2610998,0.3012966478567965
KO2610999,0.1353792604175935
KO2611000,0.22611319485361206
KO2611001,0.05913239367908908
KO2611002,0.02168981795229861
KO2611003,0.4105834269203607
KO2611004,0.2090521497908979
KO2611005,0.17835968141367528
KO2611006,0.2756074032339515
KO2611007,0.03618566280749134
KO2611008,0.5357837892020529
KO2611009,0.20249306307806078
KO2611010,0.3196981716922023
KO2611011,0.19254704474310455
KO2611012,0.2187781080782714
KO2611013,0.556526522054996
KO2611014,0.2184167646216758
KO2611015,0.19091005604853345
KO2611016,0.29705334207809514
KO2611017,0.11739416759281822
KO2611018,0.8729888478644069
KO2611019,0.6746279679998555
KO2611020,0.33038702332954517
KO2611021,0.2765081000173327
KO2611022,0.28034085311203816
KO2611023,0.20050654496548898
KO2611024,0.6310801277377099
KO2611025,0.21445035360032122
KO2611026,0.18500778766155584
KO2611027,0.07762200130098593
KO2611028,0.29097014749678246
KO2611029,0.15262626476159866
KO2611030,0.1893361980487242
KO2611031,0.079824889652019
KO2611032,0.11977066843961114
KO2611033,0.7147287863436264
KO2611034,0.26585394380830824
KO2611035,0.05460743174027669
KO2611036,0.6925350634694507
KO2611037,0.3250772600895193
KO2611038,0.48578983920520824
KO2611039,0.1920755700721754
KO2611040,0.31730879321502103
KO2611041,0.5546942375580948
KO2611042,0.14091249904486908
KO2611043,0.43431100626943
KO2611044,0.12127058135868282
KO2611045,0.17617717992123128
KO2611046,0.5889013249570841
KO2611047,0.19154177137203018
KO2611048,0.18556693189228313
KO2611049,0.09808243314228118
KO2611050,0.15767559763822195
KO2611051,0.34617107059110136
KO2611052,0.29001326117689435
KO2611053,0.8019302189295049
KO2611054,0.4994917188024369
KO2611055,0.24047850969861934
KO2611056,0.5778571991157565
KO2611057,0.5283642389522204
KO2611058,0.43838213034074364
KO2611059,0.343238006507956
KO2611060,0.18329042704629966
KO2611061,0.08663282540264927
KO2611062,0.09959052123376577
KO2611063,0.32181835193854186
KO2611064,0.08728198268435496
KO2611065,0.2156423708210612
KO2611066,0.6271247266816867
KO2611067,0.2705369775696737
KO2611068,0.4242889413199863
KO2611069,0.24097711198183075
KO2611070,0.5974976816674679
KO2611071,0.8822343204200604
KO2611072,0.6545600225583788
KO2611073,0.3104731146777418
KO2611074,0.07774550613591652
KO2611075,0.8551627288976835
KO2611076,0.11073929973374103
KO2611077,0.3717554273093401
KO2611078,0.5214492033806287
KO2611079,0.41619514012456366
KO2611080,0.02872904157213618
KO2611081,0.2911528080355808
KO2611082,0.15938018048329922
KO2611083,0.4892718510688691
KO2611084,0.5364950527468229
KO2611085,0.4450678796753541
KO2611086,0.3560969779815591
KO2611087,0.63273128020688
KO2611088,0.168030641090001
KO2611089,0.23829816537900467
KO2611090,0.16149966369694896
KO2611091,0.18661950871530478
KO2611092,0.24167067910273424
KO2611093,0.2969722228294527
KO2611094,0.41780108598749444
KO2611095,0.06750587268190002
KO2611096,0.33076875962707164
KO2611097,0.14827965206574067
KO2611098,0.03314650976262224
KO2611099,0.4545149092673352
KO2611100,0.1078305625318528
KO2611101,0.38543120097610184
KO2611102,0.10056716863924058
KO2611103,0.0332301587962831
KO2611104,0.03947981276992178
KO2611105,0.037900025559522765
KO2611106,0.49962782561394675
KO2611107,0.17170790809311542
KO2611108,0.47116462356810473
KO2611109,0.2979142127750702
KO2611110,0.6169308141554283
KO2611111,0.6959714839490955
KO2611112,0.07812909639911807
KO2611113,0.1743348210177759
KO2611114,0.04697575712524295
KO2611115,0.12996413009090213
KO2611116,0.5849182778180284
KO2611117,0.2681304786165158
KO2611118,0.4237359775329672
KO2611119,0.2557290669032005
KO2611120,0.14600299700688016
KO2611121,0.2800751522055368
KO2611122,0.7276550007375391
KO2611123,0.04600692288572242
KO2611124,0.35725048723084696
KO2611125,0.15560680963232829
KO2611126,0.7295541646061037
KO2611127,0.6823086818137624
KO2611128,0.045356435663189795
KO2611129,0.11437694383144764
KO2611130,0.29294916008365407
KO2611131,0.35264094671584345
KO2611132,0.27188875557296194
KO2611133,0.5192688015744036
KO2611134,0.14524980611543264
KO2611135,0.17624613425770774
KO2611136,0.09509378949082926
KO2611137,0.050937088792512825
KO2611138,0.05575783536112589
KO2611139,0.44862472939329523
KO2611140,0.5660344174431757
KO2611141,0.5840756750989953
KO2611142,0.1519981088978901
KO2611143,0.8334237152535714
KO2611144,0.6897536109187875
KO2611145,0.4715926441019813
KO2611146,0.1375414517487898
KO2611147,0.3552436130570632
KO2611148,0.4170693190016733
KO2611149,0.09039031229834774
KO2611150,0.47071699589611365
KO2611151,0.5320546447605584
KO2611152,0.2998999084229264
KO2611153,0.21134771939315056
KO2611154,0.05415269633731185
KO2611155,0.1461865363358187
KO2611156,0.2806099296977123
KO2611157,0.2258272102846913
KO2611158,0.09695012948393861
KO2611159,0.2939857598932694
KO2611160,0.11408575287931397
KO2611161,0.1133163295925853
KO2611162,0.2241479420496203
KO2611163,0.183984786266102
KO2611164,0.7632085373546336
KO2611165,0.13429537146014975
KO2611166,0.2945216198244487
KO2611167,0.026278989092751646
KO2611168,0.7277242063597921
KO2611169,0.5562067512717865
KO2611170,0.5330890845855925
KO2611171,0.06386977568403171
KO2611172,0.44513320544451457
KO2611173,0.09452395208746191
KO2611174,0.328163476535186
KO2611175,0.5350809250254682
KO2611176,0.6569925949221592
KO2611177,0.1548242909114165
KO2611178,0.48411842678856043
KO2611179,0.06314972368923459
KO2611180,0.33889418526855974
KO2611181,0.23189399209385694
KO2611182,0.24497623598048937
KO2611183,0.13551059722460057
KO2611184,0.4784429390470482
KO2611185,0.28834813632277606
KO2611186,0.4627448785929249
KO2611187,0.8032211690325508
KO2611188,0.2474129023763355
KO2611189,0.12447532425110873
KO2611190,0.03947385219934913
KO2611191,0.22604542823147464
KO2611192,0.04856915168744647
KO2611193,0.5738913440818247
KO2611194,0.049857389016503294
KO2611195,0.16461633202536352
KO2611196,0.12527076429450446
KO2611197,0.4128945584038045
KO2611198,0.5166608743944515
KO2611199,0.7051191121326066
KO2611200,0.6280419968945595
KO2611201,0.5443261871644648
KO2611202,0.7725455273684231
KO2611203,0.2850549846956338
KO2611204,0.4560251902245273
KO2611205,0.05752027229261945
KO2611206,0.1532417388902683
KO2611207,0.3550851870231889
KO2611208,0.1622572070036821
KO2611209,0.6783200915599055
KO2611210,0.8330953689109842
KO2611211,0.5338182150536793
KO2611212,0.19833366829099375
KO2611213,0.8352765477008666
KO2611214,0.23489834688268557
KO2611215,0.08236811624741862
KO2611216,0.1824232266710573
KO2611217,0.4620048877760311
KO2611218,0.29523581542667937
KO2611219,0.06625904410339427
KO2611220,0.15759409887781797
KO2611221,0.12113231072310474
KO2611222,0.3476067772674626
KO2611223,0.96011200750692
KO2611224,0.2729800180794078
KO2611225,0.6092333843826875
KO2611226,0.01875781161761858
KO2611227,0.06436139666195739
KO2611228,0.34459907120927297
KO2611229,0.3146441019908761
KO2611230,0.03806333085555112
KO2611231,0.1851204272076164
KO2611232,0.5555004567188828
KO2611233,0.15459645304796393
KO2611234,0.4483168528589371
KO2611235,0.3914560138632534
KO2611236,0.5632608503958434
KO2611237,0.07016480179922666
KO2611238,0.0902093474042435
KO2611239,0.4470950226468027
KO2611240,0.34056360040196787
KO2611241,0.24806536815273836
KO2611242,0.37184114796227813
KO2611243,0.3385093769488528
KO2611244,0.11599755660855571
KO2611245,0.1317908113042205
KO2611246,0.36583860528533074
KO2611247,0.7703627502296436
KO2611248,0.8687401645843337
KO2611249,0.2293559174360411
KO2611250,0.2824901572439669
KO2611251,0.36633577454427924
KO2611252,0.20276856787933648
KO2611253,0.2419143288572013
KO2611254,0.1247261305762832
KO2611255,0.06798855685351714
KO2611256,0.08785376087935248
KO2611257,0.32819651514865456
KO2611258,0.1754992191947511
KO2611259,0.5574111952745375
KO2611260,0.0846540347350566
KO2611261,0.5356920665825442
KO2611262,0.4638793573791657
KO2611263,0.5631729569846856
KO2611264,0.19227837973465992
KO2611265,0.5191791190318683
KO2611266,0.31245622685848784
KO2611267,0.47274200494820356
KO2611268,0.3097515319023486
KO2611269,0.38799131033100626
KO2611270,0.5280408092815131
KO2611271,0.08408681046564315
KO2611272,0.4108331164935705
KO2611273,0.1673933684484759
KO2611274,0.4749150511446071
KO2611275,0.0778909786046558
KO2611276,0.09671944367817849
KO2611277,0.6290441508831118
KO2611278,0.049629748275217336
KO2611279,0.15898560649038235
KO2611280,0.23196532860980126
KO2611281,0.3519980424150101
KO2611282,0.3101810376282323
KO2611283,0.29638128342466896
KO2611284,0.2891600768250541
KO2611285,0.36607122898639466
KO2611286,0.6452290306162236
KO2611287,0.48454168759631255
KO2611288,0.12877421062481414
KO2611289,0.5771567285933429
KO2611290,0.12457932088914024
KO2611291,0.044539545083440234
KO2611292,0.6304318048549775
KO2611293,0.32422692057383473
KO2611294,0.1918813275896093
KO2611295,0.7362350480753029
KO2611296,0.09467193607604452
KO2611297,0.5504260357327082
KO2611298,0.3477607470322185
KO2611299,0.07279060514570666
KO2611300,0.2716977457132254
KO2611301,0.17300179009109165
KO2611302,0.19518281651990674
KO2611303,0.295678448274091
KO2611304,0.08788107068210144
KO2611305,0.2734930694413595
KO2611306,0.2857547667078205
KO2611307,0.6496761478002773
KO2611308,0.18541351807785808
KO2611309,0.5625354007596317
KO2611310,0.11054523837022127
KO2611311,0.546447992325887
KO2611312,0.21533644440132285
KO2611313,0.0853738928804804
KO2611314,0.06625717360770428
KO2611315,0.2629273106861917
KO2611316,0.46117912943503886
KO2611317,0.37040534031238104
KO2611318,0.336221998866284
KO2611319,0.11980021726784268
KO2611320,0.5015995877154232
KO2611321,0.3849917737159146
KO2611322,0.6054936043107361
KO2611323,0.09320625525430035
KO2611324,0.928759371614126
KO2611325,0.17581586622678924
KO2611326,0.08869297562363598
KO2611327,0.26857707019605237
KO2611328,0.09582601264610144
KO2611329,0.7985353157976496
KO2611330,0.047542971371349024
KO2611331,0.5458667558343525
KO2611332,0.07241409009552129
KO2611333,0.7850927153702479
KO2611334,0.33043898596056315
KO2611335,0.17818992060975067
KO2611336,0.4890845190995144
KO2611337,0.06798539079095459
KO2611338,0.136336290649377
KO2611339,0.2786242614037543
KO2611340,0.6716253483724378
KO2611341,0.14970785752026708
KO2611342,0.6989610878885941
KO2611343,0.11877379544942059
KO2611344,0.6404002095296372
KO2611345,0.12781474581405486
KO2611346,0.6307483114804866
KO2611347,0.054627222321278264
KO2611348,0.6829406843118682
KO2611349,0.4595555197728938
KO2611350,0.22821597040697855
KO2611351,0.3798016090845409
KO2611352,0.2093391315405426
KO2611353,0.2949776860491774
KO2611354,0.13733404549898248
KO2611355,0.15616435481806185
KO2611356,0.5291635500500169
KO2611357,0.3569782452808856
KO2611358,0.10551918927923715
KO2611359,0.12545553114656227
KO2611360,0.4772628650862665
KO2611361,0.30025876873789004
KO2611362,0.3683117671987017
KO2611363,0.15379766289685776
KO2611364,0.08372680851971424
KO2611365,0.24054447871750476
KO2611366,0.07642789378351707
KO2611367,0.5398582080878612
KO2611368,0.06244921037665927
KO2611369,0.03726491836327846
KO2611370,0.10155411994417465
KO2611371,0.24279003442313957
KO2611372,0.8013505611898356
KO2611373,0.13417127595858816
KO2611374,0.15266045052658525
KO2611375,0.33526865056800154
KO2611376,0.11010265678771994
KO2611377,0.4119799609582915
KO2611378,0.504045130932147
KO2611379,0.3718780714215889
KO2611380,0.06867431321746179
KO2611381,0.15382854507670662
KO2611382,0.2074452557123817
KO2611383,0.1421449755516789
KO2611384,0.07471218564865832
KO2611385,0.12901606738714064
KO2611386,0.45545375974594876
KO2611387,0.43522805999279823
KO2611388,0.3101085091694226
KO2611389,0.3065695350866599
KO2611390,0.13912542698792335
KO2611391,0.11693119127960745
KO2611392,0.12126472807032178
KO2611393,0.29147601638421655
KO2611394,0.5264990511502733
KO2611395,0.19392204756656017
KO2611396,0.3129233864734479
KO2611397,0.26393698517395753
KO2611398,0.6567665140138181
KO2611399,0.3923207325085407
KO2611400,0.1891627164857051
KO2611401,0.4219455207754939
KO2611402,0.7978122582124907
KO2611403,0.2673945710579916
KO2611404,0.08133532299875927
KO2611405,0.026384342818202056
KO2611406,0.22097661753101067
KO2611407,0.1025733438752299
KO2611408,0.06969364461792046
KO2611409,0.1275960325218432
KO2611410,0.13502288109147406
KO2611411,0.1318501903410261
KO2611412,0.1301033769185896
KO2611413,0.03415001151882295
KO2611414,0.4829562640223506
KO2611415,0.2359942828405258
KO2611416,0.1943028955208472
KO2611417,0.055004917473055616
KO2611418,0.40177652337292374
KO2611419,0.2608434496856473
KO2611420,0.18536414504495316
KO2611421,0.07345468336236016
KO2611422,0.050522061957495853
KO2611423,0.20407274201363818
KO2611424,0.03253130893495936
KO2611425,0.39495494541399484
KO2611426,0.33927791990243306
KO2611427,0.28917720012196296
KO2611428,0.22826323655833436
KO2611429,0.11937826982072082
KO2611430,0.06859726012811636
KO2611431,0.4446029339015233
KO2611432,0.2670924502472401
KO2611433,0.7637892405010058
KO2611434,0.1321172342066479
KO2611435,0.20888233989143618
KO2611436,0.03729686362704644
KO2611437,0.10787254230394608
KO2611438,0.060309315104233596
KO2611439,0.5159723676181636
KO2611440,0.13888951631140195
KO2611441,0.12364722874070719
KO2611442,0.34153170677591527
KO2611443,0.07089194738394282
KO2611444,0.39213664322326836
KO2611445,0.1106733265146961
KO2611446,0.016650204293166947
KO2611447,0.5839328665978782
KO2611448,0.3854170429248867
KO2611449,0.03304639822291109
KO2611450,0.11770419554790022
KO2611451,0.4297664305275704
KO2611452,0.48175640159666655
KO2611453,0.6053683756790527
KO2611454,0.07913720509215574
KO2611455,0.3915044928531516
KO2611456,0.20323574451227333
KO2611457,0.04593863438113459
KO2611458,0.0877529932426317
KO2611459,0.22896282973951862
KO2611460,0.6232304283544292
KO2611461,0.23748822879208112
KO2611462,0.14767141221821792
KO2611463,0.09663752268316077
KO2611464,0.44705455112639064
KO2611465,0.11602760081585081
KO2611466,0.19400826662116635
KO2611467,0.5349343817463571
KO2611468,0.3518355109472823
KO2611469,0.1417006791855406
KO2611470,0.4501377769536867
KO2611471,0.7072692744632156
KO2611472,0.4520438113541885
KO2611473,0.10395847684146897
KO2611474,0.20353975673817826
KO2611475,0.07496524418234617
KO2611476,0.1493877337964851
KO2611477,0.05665701576274609
KO2611478,0.13834963021745889
KO2611479,0.062032417414850397
KO2611480,0.40879229673696726
KO2611481,0.16653551626665886
KO2611482,0.136293142171317
KO2611483,0.03020210975011889
KO2611484,0.07148204309623786
KO2611485,0.23934351079678362
KO2611486,0.6796933412587151
KO2611487,0.1832182061627775
KO2611488,0.5122398047368016
KO2611489,0.24145714652601327
KO2611490,0.33009597209855573
KO2611491,0.5442816227269636
KO2611492,0.17225122943226437
KO2611493,0.1769072318160589
KO2611494,0.9029364823410221
KO2611495,0.4680378964127671
KO2611496,0.25318975378219305
KO2611497,0.2828272527170924
KO2611498,0.4830822662459518
KO2611499,0.5792645663722221
KO2611500,0.24476847557174938
KO2611501,0.06625308850326633
KO2611502,0.08473609606599856
KO2611503,0.43958818924451143
KO2611504,0.20427810580472983
KO2611505,0.389138611830328
KO2611506,0.05147797025643952
KO2611507,0.34496159527332676
KO2611508,0.11912447834918855
KO2611509,0.31621553561400156
KO2611510,0.12476597521354954
KO2611511,0.5245051826499362
KO2611512,0.3910859967166647
KO2611513,0.4674057482044196
KO2611514,0.12695131631663303
KO2611515,0.05820987079382551
KO2611516,0.013295562001401124
KO2611517,0.16115497202702928
KO2611518,0.12174302292066541
KO2611519,0.11355668169001328
KO2611520,0.5919015380969564
KO2611521,0.08767591421681135
KO2611522,0.11119454424470293
KO2611523,0.3217778454070151
KO2611524,0.35087614945891227
KO2611525,0.3132192572740518
KO2611526,0.24789715672776605
KO2611527,0.06422097575973612
KO2611528,0.578211376382525
KO2611529,0.10816224386893712
KO2611530,0.3221386528846427
KO2611531,0.4188504695064942
KO2611532,0.11407286950225011
KO2611533,0.06773577736547927
KO2611534,0.11177785112797517
KO2611535,0.5770891952463262
KO2611536,0.12686547751447955
KO2611537,0.18142720719925554
KO2611538,0.17670834495252918
KO2611539,0.3124657023539895
KO2611540,0.9500591484595677
KO2611541,0.07103365105972233
KO2611542,0.3802803530759703
KO2611543,0.20328232755563463
KO2611544,0.15296568891022996
KO2611545,0.13639481046235827
KO2611546,0.06424976627525324
KO2611547,0.02563975751905673
KO2611548,0.36359851229239953
KO2611549,0.22885989489626637
KO2611550,0.07211742246862562
KO2611551,0.06374272967938403
KO2611552,0.026192492928553565
KO2611553,0.05627063120615072
KO2611554,0.12302312593551551
KO2611555,0.19391100957098478
KO2611556,0.07697325706311225
KO2611557,0.30678910679095966
KO2611558,0.3111069052487464
KO2611559,0.8967052221571018
KO2611560,0.16762580958648915
KO2611561,0.829396480880165
KO2611562,0.02496472033266988
KO2611563,0.8331105033721542
KO2611564,0.175715239792534
KO2611565,0.2431876434126434
KO2611566,0.13937448022056154
KO2611567,0.3742985014594386
KO2611568,0.21277159079952604
KO2611569,0.17081152207290165
KO2611570,0.20590158075676762
KO2611571,0.019537531691905162
KO2611572,0.4663764304758123
KO2611573,0.21403665286989174
KO2611574,0.16513256630087253
KO2611575,0.04029443023463325
KO2611576,0.6978401729098145
KO2611577,0.09965242973737075
KO2611578,0.8357634030130974
KO2611579,0.21491514063259046
KO2611580,0.8424989530475102
KO2611581,0.20778492641577873
KO2611582,0.06295317872886053
KO2611583,0.15044403100304138
KO2611584,0.40705994299772674
KO2611585,0.21357947671677163
KO2611586,0.3221015121311967
KO2611587,0.3584913948936517
KO2611588,0.03327673048078149
KO2611589,0.77942617288472
KO2611590,0.09996068392506749
KO2611591,0.5149409796316493
KO2611592,0.39680090734742346
KO2611593,0.7809481593914228
KO2611594,0.48031399923728324
KO2611595,0.2266021591276756
KO2611596,0.2696955202123245
KO2611597,0.06024999757245994
KO2611598,0.1639479394993525
KO2611599,0.06706221028662071
KO2611600,0.2247323505189269
KO2611601,0.4652381701539595
KO2611602,0.22621921177468196
KO2611603,0.03623765196797065
KO2611604,0.4100524731029772
KO2611605,0.08545298879812287
KO2611606,0.044826307127894365
KO2611607,0.2691118144948568
KO2611608,0.19318127529766244
KO2611609,0.6832781401354721
KO2611610,0.3752480794060477
KO2611611,0.11135561811042191
KO2611612,0.428841723182832
KO2611613,0.16317257473607133
KO2611614,0.22290564925972994
KO2611615,0.5101625788770139
KO2611616,0.10887901127553794
KO2611617,0.17375991125366375
KO2611618,0.02926615129309323
KO2611619,0.2538766056054032
KO2611620,0.41004113434983064
KO2611621,0.08457761142359581
KO2611622,0.792317159585917
KO2611623,0.13087616343901262
KO2611624,0.4754153216109766
KO2611625,0.21874981038004268
KO2611626,0.19107928303103608
KO2611627,0.3374613895776868
KO2611628,0.1679173888118693
KO2611629,0.017990226234852767
KO2611630,0.21289089622775909
KO2611631,0.08687922807421816
KO2611632,0.7672478139516641
KO2611633,0.22444487782172207
KO2611634,0.20637711420646715
KO2611635,0.08525906962136702
KO2611636,0.1607338460800887
KO2611637,0.3870171376894172
KO2611638,0.36875304695813726
KO2611639,0.08705118907070938
KO2611640,0.30610942215378983
KO2611641,0.20769638017992043
KO2611642,0.637855532465013
KO2611643,0.9467677621992895
KO2611644,0.030859483543443717
KO2611645,0.6967608201235538
KO2611646,0.19554657072781342
KO2611647,0.12570156012317726
KO2611648,0.19824568674551138
KO2611649,0.6082977067155899
KO2611650,0.22014194124847727
KO2611651,0.1459256539944481
KO2611652,0.23776090086130383
KO2611653,0.6187088559376998
KO2611654,0.5985837741337979
KO2611655,0.6295873933240712
KO2611656,0.7288143407701878
KO2611657,0.10632966020995915
KO2611658,0.1605350171703737
KO2611659,0.3086681703831362
KO2611660,0.26264958252720616
KO2611661,0.04638052065519295
KO2611662,0.23740054557840123
KO2611663,0.15694603655502992
KO2611664,0.31635517600324115
KO2611665,0.3799237162709499
KO2611666,0.2617619151380553
KO2611667,0.03554857257852258
KO2611668,0.11608601791688072
KO2611669,0.24121923960893912
KO2611670,0.3318977948973966
KO2611671,0.27836978321022676
KO2611672,0.35281097251312216
KO2611673,0.07799640722985905
KO2611674,0.6915958780915391
KO2611675,0.30428395103881734
KO2611676,0.29685868878329846
KO2611677,0.3904669135264856
KO2611678,0.6916384743803776
KO2611679,0.07478789793550145
KO2611680,0.04512405371941454
KO2611681,0.5535976736469336
KO2611682,0.034024114513933494
KO2611683,0.8522757529017606
KO2611684,0.12877325249156737
KO2611685,0.16989153430423135
KO2611686,0.25454051760013613
KO2611687,0.10180693317215377
KO2611688,0.33455023695074926
KO2611689,0.15944971515313264
KO2611690,0.2261013469602725
KO2611691,0.3237133569868276
KO2611692,0.24691015934923682
KO2611693,0.1102201617351232
KO2611694,0.9351924421366866
KO2611695,0.16846082744004492
KO2611696,0.7701135515219161
KO2611697,0.21603424666717383
KO2611698,0.1552360091504053
KO2611699,0.25470938147629785
KO2611700,0.45996290457277483
KO2611701,0.19897784363562968
KO2611702,0.5518836762698102
KO2611703,0.22884165590295366
KO2611704,0.04841253088672834
KO2611705,0.2252436646398436
KO2611706,0.2306629847751204
KO2611707,0.11388828521401717
KO2611708,0.4281222255574637
KO2611709,0.1712475050136575
KO2611710,0.27621342427985784
KO2611711,0.3454431765864337
KO2611712,0.1704192117422183
KO2611713,0.03472553872061129
KO2611714,0.2541076897461349
KO2611715,0.10699544680890821
KO2611716,0.12893876101438848
KO2611717,0.2644276799757646
KO2611718,0.35886170585026794
KO2611719,0.1249695231755667
KO2611720,0.34407814433290757
KO2611721,0.1277681976123395
KO2611722,0.7360450152287976
KO2611723,0.09543762554495876
KO2611724,0.14808717969422644
KO2611725,0.06976693430039228
KO2611726,0.1709012922005254
KO2611727,0.05392190981799365
KO2611728,0.42495766589681877
KO2611729,0.1474717101546471
KO2611730,0.3539827085591189
KO2611731,0.6117218535129121
KO2611732,0.1513165256268308
KO2611733,0.24404118286365092
KO2611734,0.26626772651986447
KO2611735,0.15677602793062245
KO2611736,0.5189454522898584
KO2611737,0.23319718902598469
KO2611738,0.3153537428208918
KO2611739,0.08646665287362604
KO2611740,0.7823197240023962
KO2611741,0.1482721910151986
KO2611742,0.26685635875892705
KO2611743,0.34026631275520575
KO2611744,0.03768673476267364
KO2611745,0.23498106587025133
KO2611746,0.2522649669148482
KO2611747,0.47109046892771306
KO2611748,0.3951164360877102
KO2611749,0.47559962771406605
KO2611750,0.20439328097139486
KO2611751,0.18419174381062886
KO2611752,0.34365166542871967
KO2611753,0.25025460090050544
KO2611754,0.19244070395286672
KO2611755,0.03129686765084945
KO2611756,0.7185071948677818
KO2611757,0.3367709128644643
KO2611758,0.6248875653124566
KO2611759,0.21852881515138406
KO2611760,0.670283910549023
KO2611761,0.8186032169504703
KO2611762,0.35694986348129143
KO2611763,0.1868474362269202
KO2611764,0.44357213390654293
KO2611765,0.7659770314700088
KO2611766,0.28692771173692283
KO2611767,0.229000784361448
KO2611768,0.37296320040718367
KO2611769,0.22642586953538607
KO2611770,0.4284782928349474
KO2611771,0.0433564627292798
KO2611772,0.1881740899336053
KO2611773,0.07914370776465858
KO2611774,0.2898503994946531
KO2611775,0.30384160474563815
KO2611776,0.19074624807922289
KO2611777,0.34466773264289113
KO2611778,0.16354688482166668
KO2611779,0.29995968948111723
KO2611780,0.04572527746261318
KO2611781,0.35978163926855833
KO2611782,0.1074929568992023
KO2611783,0.13886458818476918
KO2611784,0.5179816647892651
KO2611785,0.23688633975243067
KO2611786,0.2593680576376996
KO2611787,0.031110074228865008
KO2611788,0.10153667370468496
KO2611789,0.19728651796388819
KO2611790,0.6049634239411931
KO2611791,0.3187738770273424
KO2611792,0.3859082462063994
KO2611793,0.1378618723941036
KO2611794,0.7161062993787817
KO2611795,0.49690292177494455
KO2611796,0.3388410205326035
KO2611797,0.18549359164687554
KO2611798,0.5066675633895362
KO2611799,0.48300985460462076
KO2611800,0.46779188217517415
KO2611801,0.16131913316665805
KO2611802,0.25553554253792604
KO2611803,0.32601035426726377
KO2611804,0.5494830753541661
KO2611805,0.3850934601145227
KO2611806,0.11210436755125715
KO2611807,0.19902061647882943
KO2611808,0.1966762544358643
KO2611809,0.25158098499084164
KO2611810,0.07522838473290494
KO2611811,0.48204303473683996
KO2611812,0.47897608365251404
KO2611813,0.3437799726259113
KO2611814,0.04117997106411022
KO2611815,0.25784698260479116
KO2611816,0.34118436471720576
KO2611817,0.27949685809622055
KO2611818,0.3614700072744636
KO2611819,0.6804632185364105
KO2611820,0.7805266282973256
KO2611821,0.05646529175884829
KO2611822,0.14142652129990912
KO2611823,0.10442604474767928
KO2611824,0.6109135445893311
KO2611825,0.48210101218110696
KO2611826,0.09547563022486331
KO2611827,0.12100254672107066
KO2611828,0.47878900731647983
KO2611829,0.37662629147081184
KO2611830,0.6695043659860577
KO2611831,0.23690314861991707
KO2611832,0.1374894401470524
KO2611833,0.4245350551085098
KO2611834,0.24148310244542337
KO2611835,0.14838785412197722
KO2611836,0.5848124064454344
KO2611837,0.4687895378178995
KO2611838,0.24176350092954668
KO2611839,0.7209305681093001
KO2611840,0.4703862612933755
KO2611841,0.19281223002817824
KO2611842,0.4046861958209603
KO2611843,0.2672388356816974
KO2611844,0.591078012533499
KO2611845,0.1180382151743661
KO2611846,0.1266516058330859
KO2611847,0.08142621293003284
KO2611848,0.6830139130872827
KO2611849,0.5620662621537821
KO2611850,0.10935342272727057
KO2611851,0.28135896398528093
KO2611852,0.15628993295138593
KO2611853,0.25454968257325666
KO2611854,0.07211139627629776
KO2611855,0.3996931039302034
KO2611856,0.18117646996307937
KO2611857,0.1777472902509635
KO2611858,0.20515304570126475
KO2611859,0.14743430349939166
KO2611860,0.12126108635553812
KO2611861,0.40143357915681305
KO2611862,0.1282102322916573
KO2611863,0.14785645666678032
KO2611864,0.09101917039417079
KO2611865,0.19199650808421914
KO2611866,0.22692862539778277
KO2611867,0.11096792971130283
KO2611868,0.10517141355436932
KO2611869,0.21280689267510217
KO2611870,0.06452100367872766
KO2611871,0.2672822301619627
KO2611872,0.36547588525881763
KO2611873,0.113259830327984
KO2611874,0.056282910516758405
KO2611875,0.40556461970968793
KO2611876,0.3023598179375496
KO2611877,0.37378956596074475
KO2611878,0.03725908125428078
KO2611879,0.05620146734694007
KO2611880,0.23143970545240236
KO2611881,0.22424377910538562
KO2611882,0.8312241192978135
KO2611883,0.6844133793005046
KO2611884,0.0728168796257152
KO2611885,0.22957633378367054
KO2611886,0.12456146174683563
KO2611887,0.16373948809492245
KO2611888,0.05171613456822439
KO2611889,0.055169461780318015
KO2611890,0.1915191648496761
KO2611891,0.24864850849362952
KO2611892,0.1875881021267808
KO2611893,0.3074422093732534
KO2611894,0.5813662283747714
KO2611895,0.08266009193168404
KO2611896,0.09229442875281076
KO2611897,0.3049042158222718
KO2611898,0.17694789261573513
KO2611899,0.27525547861385424
KO2611900,0.0635056956590459
KO2611901,0.5059937497041187
KO2611902,0.17882899559766843
KO2611903,0.3251724798005016
KO2611904,0.5577727004938914
KO2611905,0.14859638500048278
KO2611906,0.4670108198941661
KO2611907,0.13741912964332562
KO2611908,0.18740594783625777
KO2611909,0.4399231495927858
KO2611910,0.36320184836953384
KO2611911,0.12208148271809675
KO2611912,0.05270717332176985
KO2611913,0.15420207321335777
KO2611914,0.718364303225542
KO2611915,0.17206231413751522
KO2611916,0.13338876093762933
KO2611917,0.14521574221892936
KO2611918,0.030791068553344517
KO2611919,0.39002038728652577
KO2611920,0.46952971309114716
KO2611921,0.07955873419090162
KO2611922,0.36553721668037137
KO2611923,0.2952073917674598
KO2611924,0.6976148753221472
KO2611925,0.3369607444363846
KO2611926,0.39185648378970284
KO2611927,0.4597890826769992
KO2611928,0.388048743505591
KO2611929,0.5667197943924311
KO2611930,0.16999018371544916
KO2611931,0.04002689846992786
KO2611932,0.6668243456433915
KO2611933,0.18640690463632684
KO2611934,0.1243579416999407
KO2611935,0.21353380115517315
KO2611936,0.3651502370170181
KO2611937,0.14329261082766276
KO2611938,0.3591996820956245
KO2611939,0.14944625172924766
KO2611940,0.19496478847930823
KO2611941,0.13064974044371605
KO2611942,0.34234692286642804
KO2611943,0.5705093425675583
KO2611944,0.8264859759416979
KO2611945,0.2449643876071574
KO2611946,0.23997652089145569
KO2611947,0.2910208681520401
KO2611948,0.2392447380017545
KO2611949,0.35911654054235553
KO2611950,0.23192974444374323
KO2611951,0.13356238602724513
KO2611952,0.18494911553508384
KO2611953,0.3601533711109825
KO2611954,0.03194475461300724
KO2611955,0.11451220336303305
KO2611956,0.3332909010839934
KO2611957,0.1953035508929895
KO2611958,0.09524292146977856
KO2611959,0.1373205184764504
KO2611960,0.18591210679862127
KO2611961,0.42806522814829534
KO2611962,0.08600247995081359
KO2611963,0.08536169583954797
KO2611964,0.2390998188095887
KO2611965,0.4568894470155747
KO2611966,0.3794643293137527
KO2611967,0.2900735773454301
KO2611968,0.7419491903629633
KO2611969,0.16416885086260122
KO2611970,0.5376463905598279
KO2611971,0.3402976121599307
KO2611972,0.43466587515894084
KO2611973,0.32578129350129037
KO2611974,0.20243940969782984
KO2611975,0.18389973849973373
KO2611976,0.3931550488972372
KO2611977,0.47536080217346544
KO2611978,0.04930455281713852
KO2611979,0.3501044252671914
KO2611980,0.4233835552912581
KO2611981,0.37241399025332556
KO2611982,0.633731337767915
KO2611983,0.01654707304367541
KO2611984,0.3757356744229942
KO2611985,0.3300005009137871
KO2611986,0.43947003741258006
KO2611987,0.41405054899352933
KO2611988,0.17971707201771467
KO2611989,0.46888725082713884
KO2611990,0.04912454319041439
KO2611991,0.08572249174800468
KO2611992,0.6819145869439652
KO2611993,0.24989689243042365
KO2611994,0.4697437574916285
KO2611995,0.15946779320775453
KO2611996,0.1978227594188007
KO2611997,0.16553972053107704
KO2611998,0.4277842335400992
KO2611999,0.1272601971478116
KO2612000,0.054881314593258644
KO2612001,0.32046134156252365
KO2612002,0.568735115042289
KO2612003,0.2518983508625572
KO2612004,0.6034397347006996
KO2612005,0.13327245285598188
KO2612006,0.020675082963261635
KO2612007,0.3064656818800754
KO2612008,0.7725858380890844
KO2612009,0.5934335171734745
KO2612010,0.1700269070168602
KO2612011,0.2992244509837058
KO2612012,0.09699097329748642
KO2612013,0.33312418068980776
KO2612014,0.4640970431483185
KO2612015,0.3122746542782893
KO2612016,0.35777803154760135
KO2612017,0.17272533835447668
KO2612018,0.18543168829431395
KO2612019,0.27114855672780136
KO2612020,0.43675098510746113
KO2612021,0.27616795440928704
KO2612022,0.523800855826845
KO2612023,0.7178261033203241
KO2612024,0.7704001095789725
KO2612025,0.11103190199243798
KO2612026,0.5266287553873458
KO2612027,0.815624942443368
KO2612028,0.9289278621051027
KO2612029,0.6616045414801783
KO2612030,0.07350155395561501
KO2612031,0.31602364990539605
KO2612032,0.8124212703847806
KO2612033,0.16085017255241774
KO2612034,0.05552514497177664
KO2612035,0.17293940954077386
KO2612036,0.11754000982266981
KO2612037,0.5002280373127961
KO2612038,0.2900222903439417
KO2612039,0.2207064371154278
KO2612040,0.2096700956595987
KO2612041,0.6067204318112771
KO2612042,0.17324345133106514
KO2612043,0.1596640206169164
KO2612044,0.3082782635768007
KO2612045,0.058807772009616795
KO2612046,0.10898680134323263
KO2612047,0.15794889006435373
KO2612048,0.24988493404156345
KO2612049,0.1093248328805896
KO2612050,0.4524767366271828
KO2612051,0.19928144845352955
KO2612052,0.40872163915530024
KO2612053,0.23278766134716578
KO2612054,0.091750011818995
KO2612055,0.25049831404108613
KO2612056,0.17150528180991553
KO2612057,0.074510551754142
KO2612058,0.4481637966379905
KO2612059,0.14516608672964898
KO2612060,0.18679872798047745
KO2612061,0.07886944635915796
KO2612062,0.31167734406288816
KO2612063,0.06203491851168026
KO2612064,0.1542474673673737
KO2612065,0.39151446823625036
KO2612066,0.04452993426648474
KO2612067,0.16559935881709487
KO2612068,0.3517815659480332
KO2612069,0.20185189779370113
KO2612070,0.5114353826689672
KO2612071,0.612789909657994
KO2612072,0.04718620698353686
KO2612073,0.7210648625545711
KO2612074,0.12045699996754096
KO2612075,0.4224133805510018
KO2612076,0.036018664160109556
KO2612077,0.061584066187893825
KO2612078,0.08859005656944303
KO2612079,0.07595410437959864
KO2612080,0.20223781623814993
KO2612081,0.08250431844579462
KO2612082,0.507829526914779
KO2612083,0.8089977714388278
KO2612084,0.12013259626015915
KO2612085,0.11945594526534634
KO2612086,0.2647065398171726
KO2612087,0.6107442604056287
KO2612088,0.021069343657242324
KO2612089,0.059774901064464876
KO2612090,0.02717616435746378
KO2612091,0.049416717128956365
KO2612092,0.6425923412051623
KO2612093,0.30795401879181594
KO2612094,0.07906487455782853
KO2612095,0.34871228518948816
KO2612096,0.5036141757082729
KO2612097,0.567473825633676
KO2612098,0.21475465784358022
KO2612099,0.21585814700393474
KO2612100,0.09181724343921532
KO2612101,0.3069491413375068
KO2612102,0.2352295843779326
KO2612103,0.35956822711343334
KO2612104,0.05825370431374648
KO2612105,0.08108158997503763
KO2612106,0.05373851961815363
KO2612107,0.03630191212485257
KO2612108,0.2504422901934654
KO2612109,0.5811162354248718
KO2612110,0.22068288037189912
KO2612111,0.06302099012846589
KO2612112,0.2876489982361443
KO2612113,0.26907914788956094
KO2612114,0.04157360408408257
KO2612115,0.4657261869264146
KO2612116,0.20094141864784654
KO2612117,0.16240997092686418
KO2612118,0.21678020724625757
KO2612119,0.14621390065457693
KO2612120,0.09539521102433622
KO2612121,0.37819467447411376
KO2612122,0.7433837294818764
KO2612123,0.41277110503129405
KO2612124,0.047136670924642465
KO2612125,0.1365677331343042
KO2612126,0.5026819758778621
KO2612127,0.34452416425960236
KO2612128,0.15218881622828803
KO2612129,0.12931063355583233
KO2612130,0.5827069897000388
KO2612131,0.21166413303808873
KO2612132,0.09479869983499058
KO2612133,0.42821893593872973
KO2612134,0.03278600701504843
KO2612135,0.3127141558837782
KO2612136,0.3449920113988853
KO2612137,0.6034684126027009
KO2612138,0.09899533330169191
KO2612139,0.2332024171954999
KO2612140,0.2954366996308732
KO2612141,0.08960624636303106
KO2612142,0.157626218261283
KO2612143,0.023558958294029056
KO2612144,0.48166506934807624
KO2612145,0.3241716940583328
KO2612146,0.4160156648373992
KO2612147,0.514939842094784
KO2612148,0.14539508033506549
KO2612149,0.20073192517868935
KO2612150,0.1992296384295115
KO2612151,0.10784463821149101
KO2612152,0.31530111922697657
KO2612153,0.4739494758498546
KO2612154,0.4636022853680121
KO2612155,0.919074125435488
KO2612156,0.031414752585751514
KO2612157,0.021138652825490847
KO2612158,0.10259793184701882
KO2612159,0.4126864763453263
KO2612160,0.13322450980971395
KO2612161,0.11733203892762248
KO2612162,0.10559773127190476
KO2612163,0.6634762078796143
KO2612164,0.24539456489535572
KO2612165,0.17385263136991402
KO2612166,0.8139611286431843
KO2612167,0.10174384256854237
KO2612168,0.15949200783925074
KO2612169,0.67469213068017
KO2612170,0.10778527331988096
KO2612171,0.22342707338478882
KO2612172,0.11087472380850318
KO2612173,0.10062535829252776
KO2612174,0.27728736168479357
KO2612175,0.09747026180460767
KO2612176,0.1707414532912704
KO2612177,0.11112608541246498
KO2612178,0.1357579604298261
KO2612179,0.7655752580517777
KO2612180,0.29601174071934505
KO2612181,0.10343732516570726
KO2612182,0.03970815015323541
KO2612183,0.426391702714612
KO2612184,0.12927092298652626
KO2612185,0.09519405150789015
KO2612186,0.3046556539569846
KO2612187,0.5502013656740046
KO2612188,0.08849543826087061
KO2612189,0.12180699599391583
KO2612190,0.06667905388348458
KO2612191,0.062191817254330185
KO2612192,0.19064561583661355
KO2612193,0.11657016324319196
KO2612194,0.55596429882052
KO2612195,0.14587347502735634
KO2612196,0.17300602736506315
KO2612197,0.2185338703154994
KO2612198,0.1415681770047737
KO2612199,0.05496093977222633
KO2612200,0.09055477450551945
KO2612201,0.1160636938883586
KO2612202,0.3717472448634797
KO2612203,0.22516608956953513
KO2612204,0.01873407513501689
KO2612205,0.07555487239334685
KO2612206,0.7472903712077096
KO2612207,0.1356576446737954
KO2612208,0.24550247997126937
KO2612209,0.04298337432808646
KO2612210,0.32772611376698607
KO2612211,0.48601896917624093
KO2612212,0.12799140365987383
KO2612213,0.41424315194380257
KO2612214,0.263895522756398
KO2612215,0.22976854004915453
KO2612216,0.3744392758809427
KO2612217,0.3053055584501946
KO2612218,0.2650616074530941
KO2612219,0.10411275365767644
KO2612220,0.02781140083413625
KO2612221,0.16776887368097013
KO2612222,0.2747477259064243
KO2612223,0.38422632252183525
KO2612224,0.05755368792838258
KO2612225,0.19271655355565942
KO2612226,0.030473802435924454
KO2612227,0.5441189386990845
KO2612228,0.052592097410997955
KO2612229,0.061719739796410135
KO2612230,0.11143831390917015
KO2612231,0.08564035711268521
KO2612232,0.2905069720118193
KO2612233,0.1875937569359182
KO2612234,0.10386821066133632
KO2612235,0.48450971815407495
KO2612236,0.16273955237446677
KO2612237,0.1528626385659191
KO2612238,0.11598071651485019
KO2612239,0.03852789539662874
KO2612240,0.9133290206828684
KO2612241,0.7448253817773623
KO2612242,0.1978473221197349
KO2612243,0.48567081671985124
KO2612244,0.283689427559091
KO2612245,0.09348187632813565
KO2612246,0.4536610799673173
KO2612247,0.27766601436510346
KO2612248,0.6210738821189995
KO2612249,0.31128019599775736
KO2612250,0.3573284594588957
KO2612251,0.10540442638008261
KO2612252,0.19168507717349478
KO2612253,0.25738327654780446
KO2612254,0.22624777899836404
KO2612255,0.20061406796807957
KO2612256,0.19243601230737595
KO2612257,0.5491147926071028
KO2612258,0.01140391719061105
KO2612259,0.36899357127482474
KO2612260,0.7468202818206592
KO2612261,0.5886759961166146
KO2612262,0.06742382484676865
KO2612263,0.3977185482654298
KO2612264,0.14392937230739983
KO2612265,0.2100096793195512
KO2612266,0.42251686660995885
KO2612267,0.31660587160594567
KO2612268,0.7403601025721546
KO2612269,0.3269872437299085
KO2612270,0.16208490261417385
KO2612271,0.05678498512863565
KO2612272,0.5698538404184668
KO2612273,0.5649982145154347
KO2612274,0.044151131737633326
KO2612275,0.683336522584071
KO2612276,0.12658937144862098
KO2612277,0.5595844999644097
KO2612278,0.48762169925383764
KO2612279,0.43334627811484555
KO2612280,0.3677290068780774
KO2612281,0.32274254202630137
KO2612282,0.2567706024280912
KO2612283,0.7006793258831371
KO2612284,0.5053444019784429
KO2612285,0.29075985549696826
KO2612286,0.4095750509557381
KO2612287,0.4398205286878608
KO2612288,0.17382605586207409
KO2612289,0.07266383631313614
KO2612290,0.09137589470197129
KO2612291,0.3501532986371951
KO2612292,0.1149834393301964
KO2612293,0.1678833652779426
KO2612294,0.09487065625537397
KO2612295,0.09580695387179221
KO2612296,0.2538832069157396
KO2612297,0.19194293796581138
KO2612298,0.057384341777151016
KO2612299,0.05303715796768717
KO2612300,0.05942770034083087
KO2612301,0.2709627951271707
KO2612302,0.024234731421225914
KO2612303,0.08216403909549118
KO2612304,0.494214922847269
KO2612305,0.05212053547057328
KO2612306,0.3072494926918058
KO2612307,0.5695283298711842
KO2612308,0.3032448199570296
KO2612309,0.1453370055931436
KO2612310,0.183124250390803
KO2612311,0.18106751924815853
KO2612312,0.02011793602411122
KO2612313,0.5260645117541796
KO2612314,0.3464134100181332
KO2612315,0.5703747930709616
KO2612316,0.08357879971394062
KO2612317,0.19174924252383896
KO2612318,0.4899291382356139
KO2612319,0.4133910633513829
KO2612320,0.061559878377401324
KO2612321,0.06625010614836847
KO2612322,0.07207224880386309
KO2612323,0.07711595060748887
KO2612324,0.3136431491048073
KO2612325,0.24528427795786173
KO2612326,0.49160730908309586
KO2612327,0.1828939085150349
KO2612328,0.0379341782251478
KO2612329,0.18022239718686467
KO2612330,0.18603146260059292
KO2612331,0.1636716435872152
KO2612332,0.12729736541541942
KO2612333,0.2743214959366685
KO2612334,0.07267988014756745
KO2612335,0.28618368446328263
KO2612336,0.16402394125353284
KO2612337,0.3022357398545513
KO2612338,0.16338278706853887
KO2612339,0.3890548844017095
KO2612340,0.3966220611619644
KO2612341,0.2266774897668713
KO2612342,0.13022277499643078
KO2612343,0.10721726124102474
KO2612344,0.08634693484064744
KO2612345,0.1888221028089511
KO2612346,0.694591972251328
KO2612347,0.6756291230560636
KO2612348,0.3745810906402572
KO2612349,0.10802051024817216
KO2612350,0.5304036375303985
KO2612351,0.3731786322246929
KO2612352,0.40723394441853744
KO2612353,0.26284404785303117
KO2612354,0.02826046832458087
KO2612355,0.18847230036322685
KO2612356,0.12329742797704143
KO2612357,0.7516447508422358
KO2612358,0.41752245139613764
KO2612359,0.08574738451185732
KO2612360,0.1318256744471517
KO2612361,0.4089611296318296
KO2612362,0.4342296615392652
KO2612363,0.10752839684420931
KO2612364,0.20691367772729627
KO2612365,0.5175767483341213
KO2612366,0.062013198936411995
KO2612367,0.07834261720370726
KO2612368,0.06938319413890968
KO2612369,0.07842445750517799
KO2612370,0.07676792021184899
KO2612371,0.35872208705895176
KO2612372,0.1951644242488652
KO2612373,0.06508156982568866
KO2612374,0.041804651199946384
KO2612375,0.057375610151100716
KO2612376,0.2248271404843099
KO2612377,0.03726693148188058
KO2612378,0.37005823632225476
KO2612379,0.3497548325135339
KO2612380,0.4042993933597399
KO2612381,0.03781065808878807
KO2612382,0.2553905066123063
KO2612383,0.572011536671228
KO2612384,0.17719425726862628
KO2612385,0.11179036153855794
KO2612386,0.5394458684890588
KO2612387,0.0942661315614016
KO2612388,0.0583845689265794
KO2612389,0.020742276789159405
KO2612390,0.1748148461191581
KO2612391,0.1536880627429074
KO2612392,0.3047291787715906
KO2612393,0.1446809706691808
KO2612394,0.08940258430855365
KO2612395,0.24198198382632524
KO2612396,0.2977336579888565
KO2612397,0.28094763887298146
KO2612398,0.46930160366020424
KO2612399,0.04659557076879739
KO2612400,0.3063494760032218
KO2612401,0.2969403683024721
KO2612402,0.08714174739162062
KO2612403,0.20893244575351183
KO2612404,0.5878156826489862
KO2612405,0.4426539257238953
KO2612406,0.5030241302272268
KO2612407,0.5053979051970976
KO2612408,0.2917125975928873
KO2612409,0.3621178085549892
KO2612410,0.11104357143337544
KO2612411,0.24861123908232483
KO2612412,0.17042644523109396
KO2612413,0.6141280230720925
KO2612414,0.2230345274127776
KO2612415,0.1504836238538992
KO2612416,0.06491141476274825
KO2612417,0.17958070976899748
KO2612418,0.2133149164392536
KO2612419,0.41320794329673777
KO2612420,0.07414950130182693
KO2612421,0.12404823392618182
KO2612422,0.3201812080357038
KO2612423,0.3387134078817946
KO2612424,0.12272016908228497
KO2612425,0.29274670785213464
KO2612426,0.3848316965589704
KO2612427,0.03653879214657562
KO2612428,0.17443393549100727
KO2612429,0.5447751504348749
KO2612430,0.032508763752093744
KO2612431,0.594444462182633
KO2612432,0.7020653753888635
KO2612433,0.10493344152859471
KO2612434,0.1388758364865113
KO2612435,0.20640321640705622
KO2612436,0.2808454171391992
KO2612437,0.3281833772092384
KO2612438,0.2661452078411761
KO2612439,0.7654225688171395
KO2612440,0.14634383300670523
KO2612441,0.5145962540188342
KO2612442,0.3291614067240394
KO2612443,0.19061589806228335
KO2612444,0.0781784079498715
KO2612445,0.5058208603148798
KO2612446,0.45726362960304423
KO2612447,0.08330322282987278
KO2612448,0.19355934393425558
KO2612449,0.051418663935919665
KO2612450,0.1792256087084735
KO2612451,0.09348568105379772
KO2612452,0.27780456363435774
KO2612453,0.17402741484461662
KO2612454,0.4595008998217586
KO2612455,0.08736018426144691
KO2612456,0.197365028901337
KO2612457,0.583584611681072
KO2612458,0.9338011903179343
KO2612459,0.16578969821670905
KO2612460,0.21997269633140035
KO2612461,0.20286128263886985
KO2612462,0.13069349792348642
KO2612463,0.3546857766513099
KO2612464,0.1704758994796731
KO2612465,0.6436972890115695
KO2612466,0.20951590936616274
KO2612467,0.18171353850103514
KO2612468,0.6655545449279813
KO2612469,0.11631127607675831
KO2612470,0.2171214611313959
KO2612471,0.04463522941190711
KO2612472,0.1998036430879631
KO2612473,0.057629178083959606
KO2612474,0.24387822255602712
KO2612475,0.010456354302383224
KO2612476,0.06878201525625659
KO2612477,0.23659479330240632
KO2612478,0.5535901530618398
KO2612479,0.5336036641556494
KO2612480,0.6091219113532202
KO2612481,0.1954296548418335
KO2612482,0.08082057083537876
KO2612483,0.6042838517221352
KO2612484,0.16158807164362865
KO2612485,0.2920185685009383
KO2612486,0.5386253764743394
KO2612487,0.20257096504661287
KO2612488,0.16228992918409604
KO2612489,0.3039105440179765
KO2612490,0.2617919358688428
KO2612491,0.4399004395472744
KO2612492,0.2938041740386077
KO2612493,0.4148712755945417
KO2612494,0.02599301272681189
KO2612495,0.07582430727115502
KO2612496,0.03919497046618077
KO2612497,0.02020032606650483
KO2612498,0.2595670261848924
KO2612499,0.11220987459312202
KO2612500,0.1703912766878216
KO2612501,0.16037022665945014
KO2612502,0.15257743827580564
KO2612503,0.19214544163952318
KO2612504,0.24483842055236804
KO2612505,0.042660604722765914
KO2612506,0.1390527297625084
KO2612507,0.09740132622643748
KO2612508,0.11930916896084422
KO2612509,0.050259998638621406
KO2612510,0.523831614574471
KO2612511,0.15834818281884452
KO2612512,0.4457912412551698
KO2612513,0.34746762633545175
KO2612514,0.07196783228292797
KO2612515,0.14552229945367387
KO2612516,0.25834817996830517
KO2612517,0.3030724838178096
KO2612518,0.1519709476020935
KO2612519,0.047897014606815974
KO2612520,0.26278787030938
KO2612521,0.06802268905840465
KO2612522,0.10592856811876687
KO2612523,0.3169060634334699
KO2612524,0.18086859817737733
KO2612525,0.21203031261012015
KO2612526,0.36355600876717903
KO2612527,0.06274297125658101
KO2612528,0.3176870146930074
KO2612529,0.019165191711306855
KO2612530,0.17647506517367106
KO2612531,0.5259841624407594
KO2612532,0.5276776351995182
KO2612533,0.024044299962644216
KO2612534,0.5442564260879749
KO2612535,0.09405512980557845
KO2612536,0.0773157653540841
KO2612537,0.1058783569300354
KO2612538,0.540801617007099
KO2612539,0.21103546193389522
KO2612540,0.0383972961352371
KO2612541,0.14882160620099705
KO2612542,0.20104242480406628
KO2612543,0.24279530702327126
KO2612544,0.1521065591277264
KO2612545,0.18957554896766782
KO2612546,0.08485892064812642
KO2612547,0.4573772750280178
KO2612548,0.36316676413721966
KO2612549,0.19967394878078465
KO2612550,0.47920626714147085
KO2612551,0.4749442387914873
KO2612552,0.2231609836214704
KO2612553,0.13769051341522304
KO2612554,0.43376046718104927
KO2612555,0.117531274301623
KO2612556,0.03917976018249854
KO2612557,0.6466202268236239
KO2612558,0.37189681851816947
KO2612559,0.13144528146705875
KO2612560,0.2952141807001723
KO2612561,0.20077899179903355
KO2612562,0.15275135270652376
KO2612563,0.1345837821518024
KO2612564,0.18157601232506565
KO2612565,0.041717131953422235
KO2612566,0.03729130951717824
KO2612567,0.22489355842316022
KO2612568,0.3367491582742552
KO2612569,0.1794377770674231
KO2612570,0.12837877904331205
KO2612571,0.691908683276074
KO2612572,0.10782577015759698
KO2612573,0.12856950109583812
KO2612574,0.5369701434820512
KO2612575,0.4790524557833693
KO2612576,0.06900149673872666
KO2612577,0.5940610630811552
KO2612578,0.2822734118657003
KO2612579,0.22014024873602936
KO2612580,0.29856396547316677
KO2612581,0.04202401219775133
KO2612582,0.2948984357824981
KO2612583,0.24154423267719033
KO2612584,0.26031939445935737
KO2612585,0.5139278611444543
KO2612586,0.47082150267292
KO2612587,0.3432372178093892
KO2612588,0.155405720718532
KO2612589,0.18134784656598157
KO2612590,0.6128775316652446
KO2612591,0.0627683857878894
KO2612592,0.26367829441722873
KO2612593,0.256804361422464
KO2612594,0.11572918496464692
KO2612595,0.4313998586022137
KO2612596,0.2066747090385464
KO2612597,0.16606751828221814
KO2612598,0.47526656672196343
KO2612599,0.4197692823425286
